{"cameraMode":{"drawMode":0,"name":"Shaded","section":"Shading Mode"},"sceneLighting":true,"audioPlay":false,"sceneViewState":{"showFog":true,"showMaterialUpdate":false,"showSkybox":true,"showFlares":true,"showImageEffects":true,"showParticleSystems":true},"in2DMode":false,"pivot":{"x":575.6838989257813,"y":-14.744714736938477,"z":316.96124267578127},"rotation":{"x":0.3538344204425812,"y":0.20111967623233796,"z":-0.07819342613220215,"w":0.9100803732872009},"size":181.9458770751953,"orthographic":false}