{"cameraMode":{"drawMode":0,"name":"Shaded","section":"Shading Mode"},"sceneLighting":true,"audioPlay":false,"sceneViewState":{"showFog":true,"showMaterialUpdate":false,"showSkybox":true,"showFlares":true,"showImageEffects":true,"showParticleSystems":true},"in2DMode":false,"pivot":{"x":742.6466064453125,"y":56.04430389404297,"z":341.36785888671877},"rotation":{"x":-0.04860296472907066,"y":-0.6595720648765564,"z":0.042804569005966189,"w":-0.7488597631454468},"size":304.34735107421877,"orthographic":false}