{"cameraMode":{"drawMode":0,"name":"Shaded","section":"Shading Mode"},"sceneLighting":true,"audioPlay":false,"sceneViewState":{"showFog":true,"showMaterialUpdate":false,"showSkybox":true,"showFlares":true,"showImageEffects":true,"showParticleSystems":true},"in2DMode":false,"pivot":{"x":420.0251770019531,"y":-154.00314331054688,"z":205.50790405273438},"rotation":{"x":0.16628284752368928,"y":-0.8014203906059265,"z":0.2600739002227783,"w":0.5123089551925659},"size":288.67584228515627,"orthographic":false}