{"cameraMode":{"drawMode":0,"name":"Shaded","section":"Shading Mode"},"sceneLighting":true,"audioPlay":false,"sceneViewState":{"showFog":false,"showMaterialUpdate":false,"showSkybox":true,"showFlares":true,"showImageEffects":true,"showParticleSystems":true},"in2DMode":false,"pivot":{"x":549.17333984375,"y":47.75530242919922,"z":396.68255615234377},"rotation":{"x":0.10972829908132553,"y":0.0893314853310585,"z":-0.009902238845825196,"w":0.9898903369903565},"size":331.1410827636719,"orthographic":true}