{"cameraMode":{"drawMode":0,"name":"Shaded","section":"Shading Mode"},"sceneLighting":true,"audioPlay":false,"sceneViewState":{"showFog":true,"showMaterialUpdate":false,"showSkybox":true,"showFlares":true,"showImageEffects":true,"showParticleSystems":true},"in2DMode":false,"pivot":{"x":284.8425598144531,"y":86.10747528076172,"z":816.4332275390625},"rotation":{"x":0.2613912522792816,"y":0.6974272131919861,"z":-0.30795419216156008,"w":0.5919812321662903},"size":38.30788803100586,"orthographic":false}